{"op_code": "25-45", "op_label": "Majeres Farms", "entity_name": "Majeres Farms", "grower_since": "2025-01-07", "macro_stage": "baseline_gathered", "current_project_year_id": "P3-2025-Y1", "current_micro_stage": "baseline_sampling_completed", "projects": [{"project_year_id": "P3-2025-Y1", "year_index": 1, "season_span": "S25 -> F25", "micro_stage": "baseline_sampling_completed", "acres": 13212.4, "credited_t": 13161.9, "credit_status": "not_yet_submitted"}], "acres_submitted": 13212.4, "n_fields": 147, "submitted_at": null, "true_up_year": 2028, "credited_t": 13161.9, "credits_distributed_to_date": null, "credits_distributed_t_to_date": null, "cluster_bboxes": [{"cluster_id": 0, "min_lon": -101.5568631673, "min_lat": 47.6251064803, "max_lon": -101.30170243070002, "max_lat": 47.8678089777001, "field_count": 122, "acres": 10237.1}, {"cluster_id": 1, "min_lon": -101.7141800675, "min_lat": 47.62840400050002, "max_lon": -101.6504692665, "max_lat": 47.70647318950009, "field_count": 16, "acres": 1621.5}, {"cluster_id": 2, "min_lon": -101.8848056004, "min_lat": 47.679268530850045, "max_lon": -101.83762084960001, "max_lat": 47.71913722014997, "field_count": 9, "acres": 1353.8}], "op_bounds": {"min_lon": -101.882660839, "min_lat": 47.63195260000002, "max_lon": -101.31330064600002, "max_lat": 47.8567770460001}, "demo_fabricated_status": true}