{"op_code": "24-17", "op_label": "Ben Bring", "entity_name": "Ben Bring", "grower_since": "2024-01-27", "macro_stage": "year1_completed", "current_project_year_id": "P3-2025-Y2", "current_micro_stage": "baseline_sampling_completed", "projects": [{"project_year_id": "P2-2024-Y1", "year_index": 1, "season_span": "S24 -> F24", "micro_stage": "credits_available", "acres": 6879.889999999999, "credited_t": 5203.4, "credit_status": "distributed", "distributed_usd": 57237.4}, {"project_year_id": "P3-2025-Y2", "year_index": 2, "season_span": "S25 -> F25", "micro_stage": "baseline_sampling_completed", "acres": 6879.9, "credited_t": 6080.1, "credit_status": "not_yet_submitted"}], "acres_submitted": 6879.9, "n_fields": 22, "submitted_at": null, "true_up_year": 2028, "credited_t": 6080.1, "credits_distributed_to_date": 57237.4, "credits_distributed_t_to_date": 5203.4, "cluster_bboxes": [{"cluster_id": 0, "min_lon": -97.48184313561906, "min_lat": 47.601467875072736, "max_lon": -97.28467291799807, "max_lat": 47.72097660347522, "field_count": 7, "acres": 1549.9}, {"cluster_id": 1, "min_lon": -97.32549613744995, "min_lat": 47.73732414425009, "max_lon": -97.31237213754994, "max_lat": 47.741349632750065, "field_count": 1, "acres": 89.2}, {"cluster_id": 2, "min_lon": -97.46187194760938, "min_lat": 47.21923177402418, "max_lon": -97.22901163620209, "max_lat": 47.32906017503639, "field_count": 14, "acres": 5240.8}], "op_bounds": {"min_lon": -97.47288085299992, "min_lat": 47.22422397407019, "max_lon": -97.23959619581152, "max_lat": 47.74116665600007}, "demo_fabricated_status": true}