{"op_code": "25-20", "op_label": "Brandon Down", "entity_name": "Brandon Down", "grower_since": "2025-02-17", "macro_stage": "enrollment_submitted", "current_project_year_id": "P3-2025-Y1", "current_micro_stage": "all_files_submitted", "projects": [{"project_year_id": "P3-2025-Y1", "year_index": 1, "season_span": "S25 -> F25", "micro_stage": "all_files_submitted", "acres": 4981.1, "credited_t": 5009.1, "credit_status": "not_yet_submitted"}], "acres_submitted": 4981.1, "n_fields": 18, "submitted_at": null, "true_up_year": 2028, "credited_t": 5009.1, "credits_distributed_to_date": null, "credits_distributed_t_to_date": null, "cluster_bboxes": [{"cluster_id": 0, "min_lon": -98.7739378174353, "min_lat": 48.75736699878382, "max_lon": -98.6897754878562, "max_lat": 48.84501749443883, "field_count": 7, "acres": 2064.3}, {"cluster_id": 1, "min_lon": -98.44211985815488, "min_lat": 48.54150232257678, "max_lon": -98.35801438274768, "max_lat": 48.58944083810425, "field_count": 3, "acres": 896.8}, {"cluster_id": 2, "min_lon": -98.45501848074997, "min_lat": 48.84563739289889, "max_lon": -98.40673744025, "max_lat": 48.901487321100156, "field_count": 3, "acres": 1256.2}, {"cluster_id": 3, "min_lon": -98.36792464121591, "min_lat": 48.69035691188412, "max_lon": -98.29333552846578, "max_lat": 48.73425077248179, "field_count": 5, "acres": 763.8}], "op_bounds": {"min_lon": -98.77011225699988, "min_lat": 48.54368134600985, "max_lon": -98.29672594268169, "max_lat": 48.8989486880001}, "demo_fabricated_status": true}