{"op_code": "25-31", "op_label": "Don Suda", "entity_name": "Don Suda", "grower_since": "2025-02-02", "macro_stage": "baseline_gathered", "current_project_year_id": "P3-2025-Y1", "current_micro_stage": "baseline_sampling_completed", "projects": [{"project_year_id": "P3-2025-Y1", "year_index": 1, "season_span": "S25 -> F25", "micro_stage": "baseline_sampling_completed", "acres": 8270.9, "credited_t": 6742.7, "credit_status": "not_yet_submitted"}], "acres_submitted": 8270.9, "n_fields": 69, "submitted_at": null, "true_up_year": 2028, "credited_t": 6742.7, "credits_distributed_to_date": null, "credits_distributed_t_to_date": null, "cluster_bboxes": [{"cluster_id": 0, "min_lon": -97.70356667974998, "min_lat": 48.223090504550115, "max_lon": -97.50482326125, "max_lat": 48.39597797644997, "field_count": 56, "acres": 6496.6}, {"cluster_id": 1, "min_lon": -97.5071073739999, "min_lat": 48.49759654279993, "max_lon": -97.39902408, "max_lat": 48.53752848320006, "field_count": 7, "acres": 1171.9}, {"cluster_id": 2, "min_lon": -97.3263049847, "min_lat": 48.38860385045005, "max_lon": -97.2753267013, "max_lat": 48.42867290255, "field_count": 3, "acres": 198.7}, {"cluster_id": 3, "min_lon": -97.56941534094997, "min_lat": 48.585844807000115, "max_lon": -97.54530567405001, "max_lat": 48.60188487500002, "field_count": 3, "acres": 403.8}], "op_bounds": {"min_lon": -97.69453288799998, "min_lat": 48.23094902600011, "max_lon": -97.277643896, "max_lat": 48.601155781000024}, "demo_fabricated_status": true}