{"op_code": "25-51", "op_label": "Tony Nordin", "entity_name": "Tony Nordin", "grower_since": "2025-03-17", "macro_stage": "baseline_gathered", "current_project_year_id": "P3-2025-Y1", "current_micro_stage": "lab_data_received", "projects": [{"project_year_id": "P3-2025-Y1", "year_index": 1, "season_span": "S25 -> F25", "micro_stage": "lab_data_received", "acres": 7717.7, "credited_t": 7746.5, "credit_status": "not_yet_submitted"}], "acres_submitted": 7717.7, "n_fields": 66, "submitted_at": null, "true_up_year": 2028, "credited_t": 7746.5, "credits_distributed_to_date": null, "credits_distributed_t_to_date": null, "cluster_bboxes": [{"cluster_id": 0, "min_lon": -98.95689314324119, "min_lat": 48.09638159826887, "max_lon": -98.60061841275709, "max_lat": 48.20338526440412, "field_count": 54, "acres": 5988.8}, {"cluster_id": 1, "min_lon": -98.59686966496803, "min_lat": 48.31655752069475, "max_lon": -98.56098013024656, "max_lat": 48.348430304388835, "field_count": 7, "acres": 959.7}, {"cluster_id": 2, "min_lon": -99.09317145238451, "min_lat": 48.172050184264435, "max_lon": -99.06930688274747, "max_lat": 48.196034912158055, "field_count": 5, "acres": 769.2}], "op_bounds": {"min_lon": -99.0920866992192, "min_lat": 48.101245401275015, "max_lon": -98.5626114727339, "max_lat": 48.34698154149365}, "demo_fabricated_status": true}