{"op_code": "25-49", "op_label": "Cose Farms", "entity_name": "Cose Farms", "grower_since": "2025-04-28", "macro_stage": "enrollment_submitted", "current_project_year_id": "P3-2025-Y1", "current_micro_stage": "maps_approved", "projects": [{"project_year_id": "P3-2025-Y1", "year_index": 1, "season_span": "S25 -> F25", "micro_stage": "maps_approved", "acres": 7258.9, "credited_t": 6226.4, "credit_status": "not_yet_submitted"}], "acres_submitted": 7258.9, "n_fields": 58, "submitted_at": null, "true_up_year": 2028, "credited_t": 6226.4, "credits_distributed_to_date": null, "credits_distributed_t_to_date": null, "cluster_bboxes": [{"cluster_id": 0, "min_lon": -99.1919017637499, "min_lat": 48.37163208285012, "max_lon": -99.11969768124999, "max_lat": 48.469315364149935, "field_count": 30, "acres": 3475.5}, {"cluster_id": 1, "min_lon": -99.19290946515, "min_lat": 48.52918460299998, "max_lon": -99.08546660984992, "max_lat": 48.54511838899998, "field_count": 3, "acres": 463.0}, {"cluster_id": 2, "min_lon": -99.16013224835, "min_lat": 48.662276321850044, "max_lon": -99.0299881386499, "max_lat": 48.77389339114996, "field_count": 13, "acres": 1680.6}, {"cluster_id": 3, "min_lon": -98.98862158340219, "min_lat": 48.30186509579165, "max_lon": -98.88202264959872, "max_lat": 48.36828452920358, "field_count": 12, "acres": 1639.8}], "op_bounds": {"min_lon": -99.1886197599999, "min_lat": 48.304884160946735, "max_lon": -98.8868680556807, "max_lat": 48.76881988799997}, "demo_fabricated_status": true}