{"op_code": "24-14", "op_label": "Schatzke Farms", "entity_name": "Schatzke Farms", "grower_since": "2024-02-05", "macro_stage": "year1_completed", "current_project_year_id": "P3-2025-Y2", "current_micro_stage": "baseline_sampling_completed", "projects": [{"project_year_id": "P2-2024-Y1", "year_index": 1, "season_span": "S24 -> F24", "micro_stage": "credits_available", "acres": 11462.6, "credited_t": 10872.0, "credit_status": "distributed", "distributed_usd": 119592.0}, {"project_year_id": "P3-2025-Y2", "year_index": 2, "season_span": "S25 -> F25", "micro_stage": "baseline_sampling_completed", "acres": 11462.6, "credited_t": 11875.0, "credit_status": "not_yet_submitted"}], "acres_submitted": 11462.6, "n_fields": 100, "submitted_at": null, "true_up_year": 2028, "credited_t": 11875.0, "credits_distributed_to_date": 119592.0, "credits_distributed_t_to_date": 10872.0, "cluster_bboxes": [{"cluster_id": 0, "min_lon": -97.49318731041295, "min_lat": 46.67431643591053, "max_lon": -97.03196937333337, "max_lat": 46.96195930930937, "field_count": 97, "acres": 10993.9}, {"cluster_id": 1, "min_lon": -97.57768403926926, "min_lat": 46.774228434929, "max_lon": -97.56606771211455, "max_lat": 46.78224334909339, "field_count": 1, "acres": 159.4}, {"cluster_id": 2, "min_lon": -97.6933326696259, "min_lat": 46.76693905866415, "max_lon": -97.67073163785558, "max_lat": 46.78300280739698, "field_count": 2, "acres": 309.3}], "op_bounds": {"min_lon": -97.69230534999998, "min_lat": 46.68739111197411, "max_lon": -97.0529338250188, "max_lat": 46.94888463324579}, "demo_fabricated_status": true}